"Macbook Pro 13inch Retina 2.7 Ghz i5 8GBRAM ,256SSD CC2015 colle",1500.00,29-juillet-16,/v-portables/ville-de-montreal/macbook-pro-13inch-retina-2-7-ghz-i5-8gbram-256ssd-cc2015-colle/1186054326
"Macbook Pro 13inch Retina 2.7 Ghz i5 8GBRAM ,256SSD CC2015 colle",1500.00,28-juillet-16,/v-portables/ville-de-montreal/macbook-pro-13inch-retina-2-7-ghz-i5-8gbram-256ssd-cc2015-colle/1185795735
"MACBOOK PRO RETINA 2015 13"" i5 2.7 ghz 8GB 256GB WARR 4.01.2017",1349.00,28-juillet-16,/v-portables/longueuil-rive-sud/macbook-pro-retina-2015-13-i5-2-7-ghz-8gb-256gb-warr-4-01-2017/1185760287
"Macbook Pro 13inch Retina 2.7 Ghz i5 8GBRAM ,256SSD CC2015 colle",1500.00,28-juillet-16,/v-portables/ville-de-montreal/macbook-pro-13inch-retina-2-7-ghz-i5-8gbram-256ssd-cc2015-colle/1185740747
"Macbook Pro 13inch Retina 2.7 Ghz i5 8GBRAM ,256SSD CC2015 colle",1500.00,27-juillet-16,/v-portables/ville-de-montreal/macbook-pro-13inch-retina-2-7-ghz-i5-8gbram-256ssd-cc2015-colle/1185463657
"Macbook Pro 13inch Retina 2.7 Ghz i5 8GBRAM ,256SSD CC2015 colle",1500.00,26-juillet-16,/v-portables/ville-de-montreal/macbook-pro-13inch-retina-2-7-ghz-i5-8gbram-256ssd-cc2015-colle/1185288325
"Macbook Pro 13inch Retina 2.7 Ghz i5 8GBRAM ,256SSD CC2015 colle",1500.00,26-juillet-16,/v-portables/ville-de-montreal/macbook-pro-13inch-retina-2-7-ghz-i5-8gbram-256ssd-cc2015-colle/1185225626
"Macbook Pro 13"" 2.6 GHz Intel i5 (Mid 2014) SSD 256GB Retina",1250.00,24-juillet-16,/v-portables/longueuil-rive-sud/macbook-pro-13-2-6-ghz-intel-i5-mid-2014-ssd-256gb-retina/1182154559
"Macbook Pro 13inch Retina 2.7 Ghz i5 8GBRAM ,256SSD CC2015 colle",1500.00,21-juillet-16,/v-portables/ville-de-montreal/macbook-pro-13inch-retina-2-7-ghz-i5-8gbram-256ssd-cc2015-colle/1183878496
Apple Macbook Pro Retina i7/8g/256g 13.3” 1349$,1349.00,20-juillet-16,/v-portables/ville-de-montreal/apple-macbook-pro-retina-i7-8g-256g-13-3-1349/1183632349
"Macbook Pro 13inch Retina 2.7 Ghz i5 8GBRAM ,256SSD CC2015 colle",1500.00,20-juillet-16,/v-portables/ville-de-montreal/macbook-pro-13inch-retina-2-7-ghz-i5-8gbram-256ssd-cc2015-colle/1183616974
Recherché :MacBook Pro Retina,Sur demande,19-juillet-16,/v-portables/ville-de-montreal/macbook-pro-retina/1183491391
"Macbook Pro 13inch Retina 2.7 Ghz i5 8GBRAM ,256SSD CC2015",1500.00,19-juillet-16,/v-portables/ville-de-montreal/macbook-pro-13inch-retina-2-7-ghz-i5-8gbram-256ssd-cc2015/1183313641
"MacBook Pro 13"" i5 2.7Ghz early 2015 (comme neuf/like new)",1600.00,05-juillet-16,/v-portables/ouest-de-lile-qc/macbook-pro-13-i5-2-7ghz-early-2015-comme-neuf-like-new/1164019688
"MacBook pro Retina 13 inch, Late 2012",1030.00,27-juin-16,/v-portables/ville-de-montreal/macbook-pro-retina-13-inch-late-2012/1099476106
"Macbook Pro 13inch Retina 2.7 Ghz i5 8GBRAM ,256SSD CC2015 colle",1500.00,29-juillet-16,/v-portables/ville-de-montreal/macbook-pro-13inch-retina-2-7-ghz-i5-8gbram-256ssd-cc2015-colle/1186054326
"Macbook Pro 13inch Retina 2.7 Ghz i5 8GBRAM ,256SSD CC2015 colle",1500.00,28-juillet-16,/v-portables/ville-de-montreal/macbook-pro-13inch-retina-2-7-ghz-i5-8gbram-256ssd-cc2015-colle/1185795735
"MACBOOK PRO RETINA 2015 13"" i5 2.7 ghz 8GB 256GB WARR 4.01.2017",1349.00,28-juillet-16,/v-portables/longueuil-rive-sud/macbook-pro-retina-2015-13-i5-2-7-ghz-8gb-256gb-warr-4-01-2017/1185760287
"Macbook Pro 13inch Retina 2.7 Ghz i5 8GBRAM ,256SSD CC2015 colle",1500.00,28-juillet-16,/v-portables/ville-de-montreal/macbook-pro-13inch-retina-2-7-ghz-i5-8gbram-256ssd-cc2015-colle/1185740747
"Macbook Pro 13inch Retina 2.7 Ghz i5 8GBRAM ,256SSD CC2015 colle",1500.00,27-juillet-16,/v-portables/ville-de-montreal/macbook-pro-13inch-retina-2-7-ghz-i5-8gbram-256ssd-cc2015-colle/1185463657
"Macbook Pro 13inch Retina 2.7 Ghz i5 8GBRAM ,256SSD CC2015 colle",1500.00,26-juillet-16,/v-portables/ville-de-montreal/macbook-pro-13inch-retina-2-7-ghz-i5-8gbram-256ssd-cc2015-colle/1185288325
"Macbook Pro 13inch Retina 2.7 Ghz i5 8GBRAM ,256SSD CC2015 colle",1500.00,26-juillet-16,/v-portables/ville-de-montreal/macbook-pro-13inch-retina-2-7-ghz-i5-8gbram-256ssd-cc2015-colle/1185225626
"Macbook Pro 13"" 2.6 GHz Intel i5 (Mid 2014) SSD 256GB Retina",1250.00,24-juillet-16,/v-portables/longueuil-rive-sud/macbook-pro-13-2-6-ghz-intel-i5-mid-2014-ssd-256gb-retina/1182154559
"Macbook Pro 13inch Retina 2.7 Ghz i5 8GBRAM ,256SSD CC2015 colle",1500.00,21-juillet-16,/v-portables/ville-de-montreal/macbook-pro-13inch-retina-2-7-ghz-i5-8gbram-256ssd-cc2015-colle/1183878496
Apple Macbook Pro Retina i7/8g/256g 13.3” 1349$,1349.00,20-juillet-16,/v-portables/ville-de-montreal/apple-macbook-pro-retina-i7-8g-256g-13-3-1349/1183632349
"Macbook Pro 13inch Retina 2.7 Ghz i5 8GBRAM ,256SSD CC2015 colle",1500.00,20-juillet-16,/v-portables/ville-de-montreal/macbook-pro-13inch-retina-2-7-ghz-i5-8gbram-256ssd-cc2015-colle/1183616974
Recherché :MacBook Pro Retina,Sur demande,19-juillet-16,/v-portables/ville-de-montreal/macbook-pro-retina/1183491391
"Macbook Pro 13inch Retina 2.7 Ghz i5 8GBRAM ,256SSD CC2015",1500.00,19-juillet-16,/v-portables/ville-de-montreal/macbook-pro-13inch-retina-2-7-ghz-i5-8gbram-256ssd-cc2015/1183313641
"MacBook Pro 13"" i5 2.7Ghz early 2015 (comme neuf/like new)",1600.00,05-juillet-16,/v-portables/ouest-de-lile-qc/macbook-pro-13-i5-2-7ghz-early-2015-comme-neuf-like-new/1164019688
"MacBook pro Retina 13 inch, Late 2012",1030.00,27-juin-16,/v-portables/ville-de-montreal/macbook-pro-retina-13-inch-late-2012/1099476106
