Macbook Pro Retina  2014 15” 2.6GHz Quad i7 16GB RAM 1TB SSD,2400.00,Il y a moins de 2 heures,/v-portables/longueuil-rive-sud/macbook-pro-retina-2014-15-2-6ghz-quad-i7-16gb-ram-1tb-ssd/1186872486
APPLE-MACBOOK PRO+AIR-DVI TO HDMI-CABLE ADAPTER (NEUF/NEW),15.00,Il y a moins de 2 heures,/v-accessoires-pour-portables/ville-de-montreal/apple-macbook-pro-air-dvi-to-hdmi-cable-adapter-neuf-new/1063561269
"2015 MacBook Pro i7 2.2ghz 15.4"" with Retina Display (AppleCare",2450.00,Il y a moins de 2 heures,/v-portables/ville-de-montreal/2015-macbook-pro-i7-2-2ghz-15-4-with-retina-display-applecare/1186871180
Asus Rog Gaming GTX765M Geforce Nvidia i7 intel 16G Ram,800.00,Il y a moins de 2 heures,/v-portables/longueuil-rive-sud/asus-rog-gaming-gtx765m-geforce-nvidia-i7-intel-16g-ram/1186869103
Macbook Pro Retina 15'' Mid-2015  i7 2.8Ghz  1TB SSD 4400$ value,3350.00,Il y a moins de 2 heures,/v-portables/longueuil-rive-sud/macbook-pro-retina-15-mid-2015-i7-2-8ghz-1tb-ssd-4400-value/1186868465
"Chargeurs Pour tous les Laptops (MacBook pro,MacBook air, ...)..",32.50,Il y a moins de 3 heures,/v-portables/ville-de-montreal/chargeurs-pour-tous-les-laptops-macbook-pro-macbook-air/1186865577
MacBook pro Retina/ 2.5 GHZ core i5/8 GB RAM/128 GB SSD,950.00,Il y a moins de 3 heures,/v-portables/ville-de-montreal/macbook-pro-retina-2-5-ghz-core-i5-8-gb-ram-128-gb-ssd/1186865548
Boîte MacBook Pro,15.00,Il y a moins de 3 heures,/v-accessoires-pour-portables/ville-de-montreal/boite-macbook-pro/1186865277
"MacBook Pro 17"" 2006 2.16 GHz 2GB RAM 120GB SSD",375.00,Il y a moins de 3 heures,/v-portables/ville-de-montreal/macbook-pro-17-2006-2-16-ghz-2gb-ram-120gb-ssd/1186863790
Beats solo 2 wireless BRAND NEW nego,300.00,Il y a moins de 3 heures,/v-autre-ordinateurs/ouest-de-lile-qc/beats-solo-2-wireless-brand-new-nego/1186861847
"Pour tous les MacBook pro et air, Chargeurs commençant de $35",35.00,Il y a moins de 3 heures,/v-portables/ville-de-montreal/pour-tous-les-macbook-pro-et-air-chargeurs-commencant-de-35/1186861495
"Pour tous les laptops, Chargeurs commençant de $17",17.00,Il y a moins de 3 heures,/v-portables/ville-de-montreal/pour-tous-les-laptops-chargeurs-commencant-de-17/1186861486
"Pour tous les MacBook pro et air, Chargeurs commençant de $35",35.00,Il y a moins de 4 heures,/v-portables/ville-de-montreal/pour-tous-les-macbook-pro-et-air-chargeurs-commencant-de-35/1186856668
"Pour tous les laptops, Chargeurs commençant de $17",17.00,Il y a moins de 4 heures,/v-portables/ville-de-montreal/pour-tous-les-laptops-chargeurs-commencant-de-17/1186856662
Macbook pro power supply,65.00,Il y a moins de 4 heures,/v-autre-ordinateurs/ville-de-montreal/macbook-pro-power-supply/1170884545
Macbook Pro 13' (Late 2012),900.00,Il y a moins de 4 heures,/v-portables/longueuil-rive-sud/macbook-pro-13-late-2012/1186851394
MacBook Pro 2.53ghz core 2 duo NEGO FAITES OFFRE,500.00,Il y a moins de 5 heures,/v-portables/laval-rive-nord/macbook-pro-2-53ghz-core-2-duo-nego-faites-offre/1186770931
"2012 MacBook Pro 13""",700.00,Il y a moins de 5 heures,/v-portables/ville-de-montreal/2012-macbook-pro-13/1186849181
"MacBook Pro 15'' Retina (COMME NEUF, AVEC GARANTIE)",2100.00,Il y a moins de 6 heures,/v-portables/ville-de-montreal/macbook-pro-15-retina-comme-neuf-avec-garantie/1186837208
"820-2850 logicboard macbook pro mid 2010 i7 2,66GHz 4gb RAM",275.00,Il y a moins de 6 heures,/v-portables/ville-de-montreal/820-2850-logicboard-macbook-pro-mid-2010-i7-2-66ghz-4gb-ram/1186826359
"Macbook Pro 15"" 2014, with upgrades, 2 graphic cards",2000.00,Il y a moins de 7 heures,/v-portables/longueuil-rive-sud/macbook-pro-15-2014-with-upgrades-2-graphic-cards/1186821286
MacBook Pro 17' nego,800.00,Il y a moins de 7 heures,/v-portables/laval-rive-nord/macbook-pro-17-nego/1186820471
"Chargeurs Pour tous les Laptops (MacBook pro,MacBook air, ...)..",32.50,Il y a moins de 7 heures,/v-portables/ville-de-montreal/chargeurs-pour-tous-les-laptops-macbook-pro-macbook-air/1186818573
"Apple MacBook Pro Retina / Core i5 / 13"" / Late 2013/ 4 GB RAM",1000.00,Il y a moins de 7 heures,/v-portables/ville-de-montreal/apple-macbook-pro-retina-core-i5-13-late-2013-4-gb-ram/1186818523
"MACBOOK PRO 15,4"" RETINA *2300$*",2300.00,Il y a moins de 7 heures,/v-portables/ville-de-montreal/macbook-pro-15-4-retina-2300/1186815538
Macbook pro 13 Retina i5 2.6Ghz 2014,1100.00,Il y a moins de 7 heures,/v-portables/ville-de-montreal/macbook-pro-13-retina-i5-2-6ghz-2014/1186813376
MacBook pro 13'' + accessoires+ Garantie 2ans,1200.00,Il y a moins de 9 heures,/v-portables/ville-de-montreal/macbook-pro-13-accessoires-garantie-2ans/1186791140
"MacBook Pro 5,1, 2009, 17 pouces, core 2 duo 2.8 GHz",400.00,Il y a moins de 9 heures,/v-portables/ville-de-montreal/macbook-pro-5-1-2009-17-pouces-core-2-duo-2-8-ghz/1186781117
"Pour tous les MacBook pro et air, Chargeurs commençant de $35",35.00,Il y a moins de 10 heures,/v-portables/ville-de-montreal/pour-tous-les-macbook-pro-et-air-chargeurs-commencant-de-35/1186769134
"Pour tous les laptops, Chargeurs commençant de $17",17.00,Il y a moins de 10 heures,/v-portables/ville-de-montreal/pour-tous-les-laptops-chargeurs-commencant-de-17/1186769117
REPARATIONS POUR iMAC/ MAC / MACBOOK (PRO / AIR) TOUTE MACHINE,30.00,Il y a moins de 11 heures,/v-portables/ville-de-montreal/reparations-pour-imac-mac-macbook-pro-air-toute-machine/1186748116
REPARATIONS POUR iMAC/ MAC / MACBOOK (PRO / AIR) TOUTE MACHINE,30.00,Il y a moins de 11 heures,/v-ordinateurs-de-bureau/ville-de-montreal/reparations-pour-imac-mac-macbook-pro-air-toute-machine/1186746166
SYSTÈME AUDIO PERFORMANT BOSE SOUNDDOCK PORTABLE AVEC ACC. !!!,150.00,Il y a moins de 12 heures,/v-ipod-lecteur-mp3/ville-de-montreal/systeme-audio-performant-bose-sounddock-portable-avec-acc/1186739072
"MagSafe (1 et 2) (45,60,85w) charger  metro: cote ste Catherine",38.00,Il y a moins de 12 heures,/v-accessoires-pour-portables/ville-de-montreal/magsafe-1-et-2-45-60-85w-charger-metro:-cote-ste-catherine/1186738957
"MagSafe (1 et 2) (45,60,85w) charger  metro: cote ste Catherine",38.00,Il y a moins de 12 heures,/v-accessoires-pour-portables/ville-de-montreal/magsafe-1-et-2-45-60-85w-charger-metro:-cote-ste-catherine/1186738797
"MagSafe (1 et 2) (45,60,85w) charger  metro: cote ste Catherine",38.00,Il y a moins de 12 heures,/v-accessoires-pour-portables/ville-de-montreal/magsafe-1-et-2-45-60-85w-charger-metro:-cote-ste-catherine/1186737804
"13"" Macbook Pro 2015 2.9ghz 512gb SSD AppleCare 2019",1750.00,Il y a moins de 12 heures,/v-portables/longueuil-rive-sud/13-macbook-pro-2015-2-9ghz-512gb-ssd-applecare-2019/1186737740
"MagSafe (1 et 2) (45,60,85w) charger  metro: cote ste Catherine",38.00,Il y a moins de 12 heures,/v-portables/ville-de-montreal/magsafe-1-et-2-45-60-85w-charger-metro:-cote-ste-catherine/1186737300
"MagSafe (1 et 2) (45,60,85w) charger  metro: cote ste Catherine",38.00,Il y a moins de 12 heures,/v-portables/ville-de-montreal/magsafe-1-et-2-45-60-85w-charger-metro:-cote-ste-catherine/1186737115
"MagSafe (1 et 2) (45,60,85w) charger  metro: cote ste Catherine",38.00,Il y a moins de 12 heures,/v-portables/ville-de-montreal/magsafe-1-et-2-45-60-85w-charger-metro:-cote-ste-catherine/1186736902
"MagSafe (1 et 2) (45,60,85w) charger  metro: cote ste Catherine",38.00,Il y a moins de 12 heures,/v-portables/ville-de-montreal/magsafe-1-et-2-45-60-85w-charger-metro:-cote-ste-catherine/1186736740
Egoway Macbook Pro Battery for Macbook Pro,70.00,Il y a moins de 12 heures,/v-autre-ordinateurs/ville-de-montreal/egoway-macbook-pro-battery-for-macbook-pro/1186729178
CRUCIAL 2 x 4GB DDR3 1333mhz RAM for Macbook Pro,100.00,Il y a moins de 12 heures,/v-cartes-memoires-cles-usb/ville-de-montreal/crucial-2-x-4gb-ddr3-1333mhz-ram-for-macbook-pro/1186726944
REPARATIONS POUR iMAC/ MAC / MACBOOK (PRO / AIR) TOUTE MACHINE,30.00,Il y a moins de 12 heures,/v-portables/ville-de-montreal/reparations-pour-imac-mac-macbook-pro-air-toute-machine/1186726676
Chargeur pour **Macbook pro** & **Macbook Air** Adapter Charger,35.00,Il y a moins de 12 heures,/v-accessoires-pour-portables/ville-de-montreal/chargeur-pour-macbook-pro-macbook-air-adapter-charger/1186725339
OWC Data Double (swap DVD/CD Drive for another Hard drive),30.00,Il y a moins de 13 heures,/v-accessoires-pour-portables/ville-de-montreal/owc-data-double-swap-dvd-cd-drive-for-another-hard-drive/1186718834
Macbook Pro Retina  2014 15” 2.6GHz Quad i7 16GB RAM 1TB SSD,2400.00,Il y a moins de 2 heures,/v-portables/longueuil-rive-sud/macbook-pro-retina-2014-15-2-6ghz-quad-i7-16gb-ram-1tb-ssd/1186872486
APPLE-MACBOOK PRO+AIR-DVI TO HDMI-CABLE ADAPTER (NEUF/NEW),15.00,Il y a moins de 2 heures,/v-accessoires-pour-portables/ville-de-montreal/apple-macbook-pro-air-dvi-to-hdmi-cable-adapter-neuf-new/1063561269
"2015 MacBook Pro i7 2.2ghz 15.4"" with Retina Display (AppleCare",2450.00,Il y a moins de 2 heures,/v-portables/ville-de-montreal/2015-macbook-pro-i7-2-2ghz-15-4-with-retina-display-applecare/1186871180
Asus Rog Gaming GTX765M Geforce Nvidia i7 intel 16G Ram,800.00,Il y a moins de 3 heures,/v-portables/longueuil-rive-sud/asus-rog-gaming-gtx765m-geforce-nvidia-i7-intel-16g-ram/1186869103
Macbook Pro Retina 15'' Mid-2015  i7 2.8Ghz  1TB SSD 4400$ value,3350.00,Il y a moins de 3 heures,/v-portables/longueuil-rive-sud/macbook-pro-retina-15-mid-2015-i7-2-8ghz-1tb-ssd-4400-value/1186868465
"Chargeurs Pour tous les Laptops (MacBook pro,MacBook air, ...)..",32.50,Il y a moins de 3 heures,/v-portables/ville-de-montreal/chargeurs-pour-tous-les-laptops-macbook-pro-macbook-air/1186865577
MacBook pro Retina/ 2.5 GHZ core i5/8 GB RAM/128 GB SSD,950.00,Il y a moins de 3 heures,/v-portables/ville-de-montreal/macbook-pro-retina-2-5-ghz-core-i5-8-gb-ram-128-gb-ssd/1186865548
Boîte MacBook Pro,15.00,Il y a moins de 3 heures,/v-accessoires-pour-portables/ville-de-montreal/boite-macbook-pro/1186865277
"MacBook Pro 17"" 2006 2.16 GHz 2GB RAM 120GB SSD",375.00,Il y a moins de 4 heures,/v-portables/ville-de-montreal/macbook-pro-17-2006-2-16-ghz-2gb-ram-120gb-ssd/1186863790
Beats solo 2 wireless BRAND NEW nego,300.00,Il y a moins de 4 heures,/v-autre-ordinateurs/ouest-de-lile-qc/beats-solo-2-wireless-brand-new-nego/1186861847
"Pour tous les MacBook pro et air, Chargeurs commençant de $35",35.00,Il y a moins de 4 heures,/v-portables/ville-de-montreal/pour-tous-les-macbook-pro-et-air-chargeurs-commencant-de-35/1186861495
"Pour tous les laptops, Chargeurs commençant de $17",17.00,Il y a moins de 4 heures,/v-portables/ville-de-montreal/pour-tous-les-laptops-chargeurs-commencant-de-17/1186861486
"Pour tous les MacBook pro et air, Chargeurs commençant de $35",35.00,Il y a moins de 4 heures,/v-portables/ville-de-montreal/pour-tous-les-macbook-pro-et-air-chargeurs-commencant-de-35/1186856668
"Pour tous les laptops, Chargeurs commençant de $17",17.00,Il y a moins de 4 heures,/v-portables/ville-de-montreal/pour-tous-les-laptops-chargeurs-commencant-de-17/1186856662
Macbook pro power supply,65.00,Il y a moins de 5 heures,/v-autre-ordinateurs/ville-de-montreal/macbook-pro-power-supply/1170884545
Macbook Pro 13' (Late 2012),900.00,Il y a moins de 5 heures,/v-portables/longueuil-rive-sud/macbook-pro-13-late-2012/1186851394
MacBook Pro 2.53ghz core 2 duo NEGO FAITES OFFRE,500.00,Il y a moins de 5 heures,/v-portables/laval-rive-nord/macbook-pro-2-53ghz-core-2-duo-nego-faites-offre/1186770931
"2012 MacBook Pro 13""",700.00,Il y a moins de 5 heures,/v-portables/ville-de-montreal/2012-macbook-pro-13/1186849181
"MacBook Pro 15'' Retina (COMME NEUF, AVEC GARANTIE)",2100.00,Il y a moins de 6 heures,/v-portables/ville-de-montreal/macbook-pro-15-retina-comme-neuf-avec-garantie/1186837208
"820-2850 logicboard macbook pro mid 2010 i7 2,66GHz 4gb RAM",275.00,Il y a moins de 7 heures,/v-portables/ville-de-montreal/820-2850-logicboard-macbook-pro-mid-2010-i7-2-66ghz-4gb-ram/1186826359
"Macbook Pro 15"" 2014, with upgrades, 2 graphic cards",2000.00,Il y a moins de 7 heures,/v-portables/longueuil-rive-sud/macbook-pro-15-2014-with-upgrades-2-graphic-cards/1186821286
MacBook Pro 17' nego,800.00,Il y a moins de 7 heures,/v-portables/laval-rive-nord/macbook-pro-17-nego/1186820471
"Chargeurs Pour tous les Laptops (MacBook pro,MacBook air, ...)..",32.50,Il y a moins de 7 heures,/v-portables/ville-de-montreal/chargeurs-pour-tous-les-laptops-macbook-pro-macbook-air/1186818573
"Apple MacBook Pro Retina / Core i5 / 13"" / Late 2013/ 4 GB RAM",1000.00,Il y a moins de 7 heures,/v-portables/ville-de-montreal/apple-macbook-pro-retina-core-i5-13-late-2013-4-gb-ram/1186818523
"MACBOOK PRO 15,4"" RETINA *2300$*",2300.00,Il y a moins de 7 heures,/v-portables/ville-de-montreal/macbook-pro-15-4-retina-2300/1186815538
Macbook pro 13 Retina i5 2.6Ghz 2014,1100.00,Il y a moins de 8 heures,/v-portables/ville-de-montreal/macbook-pro-13-retina-i5-2-6ghz-2014/1186813376
MacBook pro 13'' + accessoires+ Garantie 2ans,1200.00,Il y a moins de 9 heures,/v-portables/ville-de-montreal/macbook-pro-13-accessoires-garantie-2ans/1186791140
"MacBook Pro 5,1, 2009, 17 pouces, core 2 duo 2.8 GHz",400.00,Il y a moins de 10 heures,/v-portables/ville-de-montreal/macbook-pro-5-1-2009-17-pouces-core-2-duo-2-8-ghz/1186781117
"Pour tous les MacBook pro et air, Chargeurs commençant de $35",35.00,Il y a moins de 10 heures,/v-portables/ville-de-montreal/pour-tous-les-macbook-pro-et-air-chargeurs-commencant-de-35/1186769134
"Pour tous les laptops, Chargeurs commençant de $17",17.00,Il y a moins de 10 heures,/v-portables/ville-de-montreal/pour-tous-les-laptops-chargeurs-commencant-de-17/1186769117
REPARATIONS POUR iMAC/ MAC / MACBOOK (PRO / AIR) TOUTE MACHINE,30.00,Il y a moins de 11 heures,/v-portables/ville-de-montreal/reparations-pour-imac-mac-macbook-pro-air-toute-machine/1186748116
REPARATIONS POUR iMAC/ MAC / MACBOOK (PRO / AIR) TOUTE MACHINE,30.00,Il y a moins de 12 heures,/v-ordinateurs-de-bureau/ville-de-montreal/reparations-pour-imac-mac-macbook-pro-air-toute-machine/1186746166
SYSTÈME AUDIO PERFORMANT BOSE SOUNDDOCK PORTABLE AVEC ACC. !!!,150.00,Il y a moins de 12 heures,/v-ipod-lecteur-mp3/ville-de-montreal/systeme-audio-performant-bose-sounddock-portable-avec-acc/1186739072
"MagSafe (1 et 2) (45,60,85w) charger  metro: cote ste Catherine",38.00,Il y a moins de 12 heures,/v-accessoires-pour-portables/ville-de-montreal/magsafe-1-et-2-45-60-85w-charger-metro:-cote-ste-catherine/1186738957
"MagSafe (1 et 2) (45,60,85w) charger  metro: cote ste Catherine",38.00,Il y a moins de 12 heures,/v-accessoires-pour-portables/ville-de-montreal/magsafe-1-et-2-45-60-85w-charger-metro:-cote-ste-catherine/1186738797
"MagSafe (1 et 2) (45,60,85w) charger  metro: cote ste Catherine",38.00,Il y a moins de 12 heures,/v-accessoires-pour-portables/ville-de-montreal/magsafe-1-et-2-45-60-85w-charger-metro:-cote-ste-catherine/1186737804
"13"" Macbook Pro 2015 2.9ghz 512gb SSD AppleCare 2019",1750.00,Il y a moins de 12 heures,/v-portables/longueuil-rive-sud/13-macbook-pro-2015-2-9ghz-512gb-ssd-applecare-2019/1186737740
"MagSafe (1 et 2) (45,60,85w) charger  metro: cote ste Catherine",38.00,Il y a moins de 12 heures,/v-portables/ville-de-montreal/magsafe-1-et-2-45-60-85w-charger-metro:-cote-ste-catherine/1186737300
"MagSafe (1 et 2) (45,60,85w) charger  metro: cote ste Catherine",38.00,Il y a moins de 12 heures,/v-portables/ville-de-montreal/magsafe-1-et-2-45-60-85w-charger-metro:-cote-ste-catherine/1186737115
"MagSafe (1 et 2) (45,60,85w) charger  metro: cote ste Catherine",38.00,Il y a moins de 12 heures,/v-portables/ville-de-montreal/magsafe-1-et-2-45-60-85w-charger-metro:-cote-ste-catherine/1186736902
"MagSafe (1 et 2) (45,60,85w) charger  metro: cote ste Catherine",38.00,Il y a moins de 12 heures,/v-portables/ville-de-montreal/magsafe-1-et-2-45-60-85w-charger-metro:-cote-ste-catherine/1186736740
Egoway Macbook Pro Battery for Macbook Pro,70.00,Il y a moins de 12 heures,/v-autre-ordinateurs/ville-de-montreal/egoway-macbook-pro-battery-for-macbook-pro/1186729178
CRUCIAL 2 x 4GB DDR3 1333mhz RAM for Macbook Pro,100.00,Il y a moins de 13 heures,/v-cartes-memoires-cles-usb/ville-de-montreal/crucial-2-x-4gb-ddr3-1333mhz-ram-for-macbook-pro/1186726944
REPARATIONS POUR iMAC/ MAC / MACBOOK (PRO / AIR) TOUTE MACHINE,30.00,Il y a moins de 13 heures,/v-portables/ville-de-montreal/reparations-pour-imac-mac-macbook-pro-air-toute-machine/1186726676
Chargeur pour **Macbook pro** & **Macbook Air** Adapter Charger,35.00,Il y a moins de 13 heures,/v-accessoires-pour-portables/ville-de-montreal/chargeur-pour-macbook-pro-macbook-air-adapter-charger/1186725339
OWC Data Double (swap DVD/CD Drive for another Hard drive),30.00,Il y a moins de 13 heures,/v-accessoires-pour-portables/ville-de-montreal/owc-data-double-swap-dvd-cd-drive-for-another-hard-drive/1186718834
Macbook Pro Retina  2014 15” 2.6GHz Quad i7 16GB RAM 1TB SSD,2400.00,Il y a moins de 2 heures,/v-portables/longueuil-rive-sud/macbook-pro-retina-2014-15-2-6ghz-quad-i7-16gb-ram-1tb-ssd/1186872486
APPLE-MACBOOK PRO+AIR-DVI TO HDMI-CABLE ADAPTER (NEUF/NEW),15.00,Il y a moins de 2 heures,/v-accessoires-pour-portables/ville-de-montreal/apple-macbook-pro-air-dvi-to-hdmi-cable-adapter-neuf-new/1063561269
"2015 MacBook Pro i7 2.2ghz 15.4"" with Retina Display (AppleCare",2450.00,Il y a moins de 2 heures,/v-portables/ville-de-montreal/2015-macbook-pro-i7-2-2ghz-15-4-with-retina-display-applecare/1186871180
Asus Rog Gaming GTX765M Geforce Nvidia i7 intel 16G Ram,800.00,Il y a moins de 3 heures,/v-portables/longueuil-rive-sud/asus-rog-gaming-gtx765m-geforce-nvidia-i7-intel-16g-ram/1186869103
Macbook Pro Retina 15'' Mid-2015  i7 2.8Ghz  1TB SSD 4400$ value,3350.00,Il y a moins de 3 heures,/v-portables/longueuil-rive-sud/macbook-pro-retina-15-mid-2015-i7-2-8ghz-1tb-ssd-4400-value/1186868465
"Chargeurs Pour tous les Laptops (MacBook pro,MacBook air, ...)..",32.50,Il y a moins de 3 heures,/v-portables/ville-de-montreal/chargeurs-pour-tous-les-laptops-macbook-pro-macbook-air/1186865577
MacBook pro Retina/ 2.5 GHZ core i5/8 GB RAM/128 GB SSD,950.00,Il y a moins de 3 heures,/v-portables/ville-de-montreal/macbook-pro-retina-2-5-ghz-core-i5-8-gb-ram-128-gb-ssd/1186865548
Boîte MacBook Pro,15.00,Il y a moins de 3 heures,/v-accessoires-pour-portables/ville-de-montreal/boite-macbook-pro/1186865277
"MacBook Pro 17"" 2006 2.16 GHz 2GB RAM 120GB SSD",375.00,Il y a moins de 4 heures,/v-portables/ville-de-montreal/macbook-pro-17-2006-2-16-ghz-2gb-ram-120gb-ssd/1186863790
Beats solo 2 wireless BRAND NEW nego,300.00,Il y a moins de 4 heures,/v-autre-ordinateurs/ouest-de-lile-qc/beats-solo-2-wireless-brand-new-nego/1186861847
"Pour tous les MacBook pro et air, Chargeurs commençant de $35",35.00,Il y a moins de 4 heures,/v-portables/ville-de-montreal/pour-tous-les-macbook-pro-et-air-chargeurs-commencant-de-35/1186861495
"Pour tous les laptops, Chargeurs commençant de $17",17.00,Il y a moins de 4 heures,/v-portables/ville-de-montreal/pour-tous-les-laptops-chargeurs-commencant-de-17/1186861486
"Pour tous les MacBook pro et air, Chargeurs commençant de $35",35.00,Il y a moins de 4 heures,/v-portables/ville-de-montreal/pour-tous-les-macbook-pro-et-air-chargeurs-commencant-de-35/1186856668
"Pour tous les laptops, Chargeurs commençant de $17",17.00,Il y a moins de 4 heures,/v-portables/ville-de-montreal/pour-tous-les-laptops-chargeurs-commencant-de-17/1186856662
Macbook pro power supply,65.00,Il y a moins de 5 heures,/v-autre-ordinateurs/ville-de-montreal/macbook-pro-power-supply/1170884545
Macbook Pro 13' (Late 2012),900.00,Il y a moins de 5 heures,/v-portables/longueuil-rive-sud/macbook-pro-13-late-2012/1186851394
MacBook Pro 2.53ghz core 2 duo NEGO FAITES OFFRE,500.00,Il y a moins de 5 heures,/v-portables/laval-rive-nord/macbook-pro-2-53ghz-core-2-duo-nego-faites-offre/1186770931
"2012 MacBook Pro 13""",700.00,Il y a moins de 5 heures,/v-portables/ville-de-montreal/2012-macbook-pro-13/1186849181
"MacBook Pro 15'' Retina (COMME NEUF, AVEC GARANTIE)",2100.00,Il y a moins de 6 heures,/v-portables/ville-de-montreal/macbook-pro-15-retina-comme-neuf-avec-garantie/1186837208
"820-2850 logicboard macbook pro mid 2010 i7 2,66GHz 4gb RAM",275.00,Il y a moins de 7 heures,/v-portables/ville-de-montreal/820-2850-logicboard-macbook-pro-mid-2010-i7-2-66ghz-4gb-ram/1186826359
"Macbook Pro 15"" 2014, with upgrades, 2 graphic cards",2000.00,Il y a moins de 7 heures,/v-portables/longueuil-rive-sud/macbook-pro-15-2014-with-upgrades-2-graphic-cards/1186821286
MacBook Pro 17' nego,800.00,Il y a moins de 7 heures,/v-portables/laval-rive-nord/macbook-pro-17-nego/1186820471
"Chargeurs Pour tous les Laptops (MacBook pro,MacBook air, ...)..",32.50,Il y a moins de 7 heures,/v-portables/ville-de-montreal/chargeurs-pour-tous-les-laptops-macbook-pro-macbook-air/1186818573
"Apple MacBook Pro Retina / Core i5 / 13"" / Late 2013/ 4 GB RAM",1000.00,Il y a moins de 7 heures,/v-portables/ville-de-montreal/apple-macbook-pro-retina-core-i5-13-late-2013-4-gb-ram/1186818523
"MACBOOK PRO 15,4"" RETINA *2300$*",2300.00,Il y a moins de 7 heures,/v-portables/ville-de-montreal/macbook-pro-15-4-retina-2300/1186815538
Macbook pro 13 Retina i5 2.6Ghz 2014,1100.00,Il y a moins de 8 heures,/v-portables/ville-de-montreal/macbook-pro-13-retina-i5-2-6ghz-2014/1186813376
MacBook pro 13'' + accessoires+ Garantie 2ans,1200.00,Il y a moins de 9 heures,/v-portables/ville-de-montreal/macbook-pro-13-accessoires-garantie-2ans/1186791140
"MacBook Pro 5,1, 2009, 17 pouces, core 2 duo 2.8 GHz",400.00,Il y a moins de 10 heures,/v-portables/ville-de-montreal/macbook-pro-5-1-2009-17-pouces-core-2-duo-2-8-ghz/1186781117
"Pour tous les MacBook pro et air, Chargeurs commençant de $35",35.00,Il y a moins de 10 heures,/v-portables/ville-de-montreal/pour-tous-les-macbook-pro-et-air-chargeurs-commencant-de-35/1186769134
"Pour tous les laptops, Chargeurs commençant de $17",17.00,Il y a moins de 10 heures,/v-portables/ville-de-montreal/pour-tous-les-laptops-chargeurs-commencant-de-17/1186769117
REPARATIONS POUR iMAC/ MAC / MACBOOK (PRO / AIR) TOUTE MACHINE,30.00,Il y a moins de 11 heures,/v-portables/ville-de-montreal/reparations-pour-imac-mac-macbook-pro-air-toute-machine/1186748116
REPARATIONS POUR iMAC/ MAC / MACBOOK (PRO / AIR) TOUTE MACHINE,30.00,Il y a moins de 12 heures,/v-ordinateurs-de-bureau/ville-de-montreal/reparations-pour-imac-mac-macbook-pro-air-toute-machine/1186746166
SYSTÈME AUDIO PERFORMANT BOSE SOUNDDOCK PORTABLE AVEC ACC. !!!,150.00,Il y a moins de 12 heures,/v-ipod-lecteur-mp3/ville-de-montreal/systeme-audio-performant-bose-sounddock-portable-avec-acc/1186739072
"MagSafe (1 et 2) (45,60,85w) charger  metro: cote ste Catherine",38.00,Il y a moins de 12 heures,/v-accessoires-pour-portables/ville-de-montreal/magsafe-1-et-2-45-60-85w-charger-metro:-cote-ste-catherine/1186738957
"MagSafe (1 et 2) (45,60,85w) charger  metro: cote ste Catherine",38.00,Il y a moins de 12 heures,/v-accessoires-pour-portables/ville-de-montreal/magsafe-1-et-2-45-60-85w-charger-metro:-cote-ste-catherine/1186738797
"MagSafe (1 et 2) (45,60,85w) charger  metro: cote ste Catherine",38.00,Il y a moins de 12 heures,/v-accessoires-pour-portables/ville-de-montreal/magsafe-1-et-2-45-60-85w-charger-metro:-cote-ste-catherine/1186737804
"13"" Macbook Pro 2015 2.9ghz 512gb SSD AppleCare 2019",1750.00,Il y a moins de 12 heures,/v-portables/longueuil-rive-sud/13-macbook-pro-2015-2-9ghz-512gb-ssd-applecare-2019/1186737740
"MagSafe (1 et 2) (45,60,85w) charger  metro: cote ste Catherine",38.00,Il y a moins de 12 heures,/v-portables/ville-de-montreal/magsafe-1-et-2-45-60-85w-charger-metro:-cote-ste-catherine/1186737300
"MagSafe (1 et 2) (45,60,85w) charger  metro: cote ste Catherine",38.00,Il y a moins de 12 heures,/v-portables/ville-de-montreal/magsafe-1-et-2-45-60-85w-charger-metro:-cote-ste-catherine/1186737115
"MagSafe (1 et 2) (45,60,85w) charger  metro: cote ste Catherine",38.00,Il y a moins de 12 heures,/v-portables/ville-de-montreal/magsafe-1-et-2-45-60-85w-charger-metro:-cote-ste-catherine/1186736902
"MagSafe (1 et 2) (45,60,85w) charger  metro: cote ste Catherine",38.00,Il y a moins de 12 heures,/v-portables/ville-de-montreal/magsafe-1-et-2-45-60-85w-charger-metro:-cote-ste-catherine/1186736740
Egoway Macbook Pro Battery for Macbook Pro,70.00,Il y a moins de 13 heures,/v-autre-ordinateurs/ville-de-montreal/egoway-macbook-pro-battery-for-macbook-pro/1186729178
CRUCIAL 2 x 4GB DDR3 1333mhz RAM for Macbook Pro,100.00,Il y a moins de 13 heures,/v-cartes-memoires-cles-usb/ville-de-montreal/crucial-2-x-4gb-ddr3-1333mhz-ram-for-macbook-pro/1186726944
REPARATIONS POUR iMAC/ MAC / MACBOOK (PRO / AIR) TOUTE MACHINE,30.00,Il y a moins de 13 heures,/v-portables/ville-de-montreal/reparations-pour-imac-mac-macbook-pro-air-toute-machine/1186726676
Chargeur pour **Macbook pro** & **Macbook Air** Adapter Charger,35.00,Il y a moins de 13 heures,/v-accessoires-pour-portables/ville-de-montreal/chargeur-pour-macbook-pro-macbook-air-adapter-charger/1186725339
OWC Data Double (swap DVD/CD Drive for another Hard drive),30.00,Il y a moins de 13 heures,/v-accessoires-pour-portables/ville-de-montreal/owc-data-double-swap-dvd-cd-drive-for-another-hard-drive/1186718834
MacBook pro – Late 2012- 8 GB DDR3 -128 GB SSD -2.5 GHZ i5-3210M,900.00,Il y a moins de 49 minutes,/v-portables/ville-de-montreal/macbook-pro-late-2012-8-gb-ddr3-128-gb-ssd-2-5-ghz-i5-3210m/1187922469
"Pour tous les MacBook pro et air, Chargeurs commençant de $35",35.00,Il y a moins de 49 minutes,/v-portables/ville-de-montreal/pour-tous-les-macbook-pro-et-air-chargeurs-commencant-de-35/1187922429
"Pour tous les laptops, Chargeurs commençant de $17",17.00,Il y a moins de 49 minutes,/v-portables/ville-de-montreal/pour-tous-les-laptops-chargeurs-commencant-de-17/1187922421
"Macbook pro 13po intel i5, 8Go Ram, 500G Hdd, OS El Captain.",600.00,Il y a moins de 60 minutes,/v-portables/longueuil-rive-sud/macbook-pro-13po-intel-i5-8go-ram-500g-hdd-os-el-captain/1187919703
"MagSafe (1 et 2) (45,60,85w) charger  metro: cote ste Catherine",38.00,Il y a moins de 2 heures,/v-portables/ville-de-montreal/magsafe-1-et-2-45-60-85w-charger-metro:-cote-ste-catherine/1187911860
Macbook pro 13 Retina mid-2014 Like New **10/10!,1100.00,Il y a moins de 2 heures,/v-portables/ville-de-montreal/macbook-pro-13-retina-mid-2014-like-new-10-10/1187906071
NEW NEW Canon EOS Rebel T6s DSLR Camera (Body Only) 849$,849.00,Il y a moins de 3 heures,/v-appareil-photo-camera/ville-de-montreal/new-new-canon-eos-rebel-t6s-dslr-camera-body-only-849/1187903132
"MagSafe (1 et 2) (45,60,85w) charger  metro: cote ste Catherine",38.00,Il y a moins de 3 heures,/v-portables/ville-de-montreal/magsafe-1-et-2-45-60-85w-charger-metro:-cote-ste-catherine/1187899577
"MagSafe (1 et 2) (45,60,85w) charger  metro: cote ste Catherine",38.00,Il y a moins de 3 heures,/v-portables/ville-de-montreal/magsafe-1-et-2-45-60-85w-charger-metro:-cote-ste-catherine/1187899223
"MagSafe (1 et 2) (45,60,85w) charger  metro: cote ste Catherine",38.00,Il y a moins de 3 heures,/v-accessoires-pour-portables/ville-de-montreal/magsafe-1-et-2-45-60-85w-charger-metro:-cote-ste-catherine/1187898987
"MagSafe (1 et 2) (45,60,85w) charger  metro: cote ste Catherine",38.00,Il y a moins de 3 heures,/v-accessoires-pour-portables/ville-de-montreal/magsafe-1-et-2-45-60-85w-charger-metro:-cote-ste-catherine/1187898642
"MagSafe (1 et 2) (45,60,85w) charger  metro: cote ste Catherine",38.00,Il y a moins de 3 heures,/v-accessoires-pour-portables/ville-de-montreal/magsafe-1-et-2-45-60-85w-charger-metro:-cote-ste-catherine/1187898457
"Chargeurs Pour tous les Laptops (MacBook pro,MacBook air, ...)..",32.50,Il y a moins de 3 heures,/v-portables/ville-de-montreal/chargeurs-pour-tous-les-laptops-macbook-pro-macbook-air/1187897285
MacBook pro late 2011 - 2.8 core i7 / 4GB RAM / 256 SSD - MINT,850.00,Il y a moins de 3 heures,/v-portables/ville-de-montreal/macbook-pro-late-2011-2-8-core-i7-4gb-ram-256-ssd-mint/1187897225
Macbook Pro 13'' retina mid-2014 + apple care aout 2017-,1100.00,Il y a moins de 3 heures,/v-portables/ville-de-montreal/macbook-pro-13-retina-mid-2014-apple-care-aout-2017/1187892894
Macbook pro 13 Retina mid-2014 Like New **10/10!,1100.00,Il y a moins de 3 heures,/v-portables/ville-de-montreal/macbook-pro-13-retina-mid-2014-like-new-10-10/1187889814
4 Go RAM Macbook Pro,25.00,Il y a moins de 3 heures,/v-accessoires-pour-portables/longueuil-rive-sud/4-go-ram-macbook-pro/1187886464
"Macbook Retina 13"" 2014 ( 2.6Ghz Intel i5, 8GB, 256GB ) Nov 2017",1200.00,Il y a moins de 4 heures,/v-portables/ville-de-montreal/macbook-retina-13-2014-2-6ghz-intel-i5-8gb-256gb-nov-2017/1187870134
MacBook pro – Late 2012- 8 GB DDR3 -128 GB SSD -2.5 GHZ i5-3210M,900.00,Il y a moins de 4 heures,/v-portables/ville-de-montreal/macbook-pro-late-2012-8-gb-ddr3-128-gb-ssd-2-5-ghz-i5-3210m/1187869984
"Pour tous les MacBook pro et air, Chargeurs commençant de $35",35.00,Il y a moins de 4 heures,/v-portables/ville-de-montreal/pour-tous-les-macbook-pro-et-air-chargeurs-commencant-de-35/1187869920
"Pour tous les laptops, Chargeurs commençant de $17",17.00,Il y a moins de 4 heures,/v-portables/ville-de-montreal/pour-tous-les-laptops-chargeurs-commencant-de-17/1187869897
REPARATIONS POUR iMAC/ MAC / MACBOOK (PRO / AIR) TOUTE MACHINE,30.00,Il y a moins de 4 heures,/v-portables/ville-de-montreal/reparations-pour-imac-mac-macbook-pro-air-toute-machine/1187869900
"Macbook Retina 15"" 2013 (2.3Ghz, Quad i7, 8GB, 256GB)",1300.00,Il y a moins de 4 heures,/v-portables/ville-de-montreal/macbook-retina-15-2013-2-3ghz-quad-i7-8gb-256gb/1187869737
MacBook Pro retina 2015 128SSD 8Gb,1350.00,Il y a moins de 6 heures,/v-portables/ville-de-montreal/macbook-pro-retina-2015-128ssd-8gb/1187855929
MACBOOK PRO I7 RETINA 15``  2013  TRES PROPRE  1300$,1300.00,Il y a moins de 6 heures,/v-portables/ville-de-montreal/macbook-pro-i7-retina-15-2013-tres-propre-1300/1187850452
SPECIAL DE LA SEMAINE MACBOOK PRO I7 SEULEMENT 650$,650.00,Il y a moins de 6 heures,/v-portables/ville-de-montreal/special-de-la-semaine-macbook-pro-i7-seulement-650/1187849749
"MagSafe (1 et 2) (45,60,85w) charger  metro: cote ste Catherine",38.00,Il y a moins de 6 heures,/v-portables/ville-de-montreal/magsafe-1-et-2-45-60-85w-charger-metro:-cote-ste-catherine/1187845860
"MagSafe (1 et 2) (45,60,85w) charger  metro: cote ste Catherine",38.00,Il y a moins de 6 heures,/v-portables/ville-de-montreal/magsafe-1-et-2-45-60-85w-charger-metro:-cote-ste-catherine/1187845735
13 inch MacBook Pro mid 2010 - 8GB RAM,350.00,Il y a moins de 6 heures,/v-portables/ville-de-montreal/13-inch-macbook-pro-mid-2010-8gb-ram/1187845313
"macbook air 13  1000$  processeur  I7 , 8 gb de ram",1000.00,Il y a moins de 7 heures,/v-portables/ville-de-montreal/macbook-air-13-1000-processeur-i7-8-gb-de-ram/1187832595
MacBook Pro retina 2015 128SSD 8Gb 1400$,1400.00,Il y a moins de 7 heures,/v-portables/ville-de-montreal/macbook-pro-retina-2015-128ssd-8gb-1400/1187830614
Macbook Pro Retina 13 late 2013 8GB 256GB SSD,1090.00,Il y a moins de 7 heures,/v-portables/laval-rive-nord/macbook-pro-retina-13-late-2013-8gb-256gb-ssd/1187818225
"Macbook pro Retina 15 13""",Sur demande,Il y a moins de 7 heures,/v-cellulaire/ville-de-montreal/macbook-pro-retina-15-13/1187826179
"Chargeurs Pour tous les Laptops (MacBook pro,MacBook air, ...)..",32.50,Il y a moins de 8 heures,/v-accessoires-pour-portables/ville-de-montreal/chargeurs-pour-tous-les-laptops-macbook-pro-macbook-air/1187819336
Macbook Pro 15,Sur demande,Il y a moins de 8 heures,/v-cellulaire/ville-de-montreal/macbook-pro-15/1187818367
"Macbook Pro Retina 15, Mid-2015 with AppleCare - NEW!",2800.00,Il y a moins de 8 heures,/v-portables/ville-de-montreal/macbook-pro-retina-15-mid-2015-with-applecare-new/1187815779
MacBook Pro 13 po,1200.00,Il y a moins de 8 heures,/v-ordinateurs-de-bureau/laval-rive-nord/macbook-pro-13-po/1187814204
Apple MacBook EFI 4or 6-digit PIN Passcode iCloud Unlock Remova,,Il y a moins de 8 heures,/v-services-formation-reparation/ville-de-montreal/apple-macbook-efi-4or-6-digit-pin-passcode-icloud-unlock-remova/1187808004
"Macbook Pro Retina 13inch 2.9Ghz i5 8GBRAM ,500SSD 1y applecare",1850.00,Il y a moins de 8 heures,/v-portables/ville-de-montreal/macbook-pro-retina-13inch-2-9ghz-i5-8gbram-500ssd-1y-applecare/1187807560
"Mac Apple , Service repair,buy and sell 514-295-7393 @ DuCollege",,Il y a moins de 8 heures,/v-services-formation-reparation/ville-de-montreal/mac-apple-service-repair-buy-and-sell-514-295-7393-ducollege/1187807452
Battery macbook et macbook pro avec instalation 60$,60.00,Il y a moins de 8 heures,/v-composants-de-systeme/ville-de-montreal/battery-macbook-et-macbook-pro-avec-instalation-60/1187804079
"MagSafe (1 et 2) (45,60,85w) charger  metro: cote ste Catherine",38.00,Il y a moins de 8 heures,/v-portables/ville-de-montreal/magsafe-1-et-2-45-60-85w-charger-metro:-cote-ste-catherine/1187802717
"Mémoire pour MacBook, MacBook Pro, iMac, MacMini",10.00,Il y a moins de 25 minutes,/v-cartes-memoires-cles-usb/longueuil-rive-sud/memoire-pour-macbook-macbook-pro-imac-macmini/1059444411
MacBook Pro 2010 en très bonne état,425.00,Il y a moins de 51 minutes,/v-portables/ville-de-montreal/macbook-pro-2010-en-tres-bonne-etat/1188743982
"Chargeurs Pour tous les Laptops (MacBook pro,MacBook air, ...)..",32.50,Il y a moins de 2 heures,/v-portables/ville-de-montreal/chargeurs-pour-tous-les-laptops-macbook-pro-macbook-air/1188737838
"Apple MacBook Pro Retina / Core i5 / 13"" / Late 2013/ 4 GB RAM",950.00,Il y a moins de 2 heures,/v-portables/ville-de-montreal/apple-macbook-pro-retina-core-i5-13-late-2013-4-gb-ram/1188737797
COMME NEUF CASQUE AUDIO HAUTE-FIDÉLITÉ SENNHEISER MOMENTUM ONEAR,95.00,Il y a moins de 2 heures,/v-casque-decoute/ville-de-montreal/comme-neuf-casque-audio-haute-fidelite-sennheiser-momentum-onear/1188732309
NEW NEW Canon EOS Rebel T6s DSLR Camera (Body Only) 849$,849.00,Il y a moins de 2 heures,/v-appareil-photo-camera/ville-de-montreal/new-new-canon-eos-rebel-t6s-dslr-camera-body-only-849/1188728073
MACBOOK PRO 13 POUCES AVEC ÉCRAN RETINA,1750.00,Il y a moins de 3 heures,/v-portables/longueuil-rive-sud/macbook-pro-13-pouces-avec-ecran-retina/1188722228
"MACBOOK PRO 15,4"" RETINA *2100$*",2100.00,Il y a moins de 3 heures,/v-portables/ville-de-montreal/macbook-pro-15-4-retina-2100/1188709329
macbook pro 13pouces mi-2012,795.00,Il y a moins de 3 heures,/v-accessoires-pour-portables/ville-de-montreal/macbook-pro-13pouces-mi-2012/1153113095
Macbook pro 13 Retina mid-2014 i5 2.6GHZ,1100.00,Il y a moins de 4 heures,/v-portables/ville-de-montreal/macbook-pro-13-retina-mid-2014-i5-2-6ghz/1188704667
"MagSafe (1 et 2) (45,60,85w) charger  metro: cote ste Catherine",38.00,Il y a moins de 4 heures,/v-portables/ville-de-montreal/magsafe-1-et-2-45-60-85w-charger-metro:-cote-ste-catherine/1188692968
MacBook pro – Late 2012- 8 GB DDR3 -128 GB SSD -2.5 GHZ i5-3210M,900.00,Il y a moins de 5 heures,/v-portables/ville-de-montreal/macbook-pro-late-2012-8-gb-ddr3-128-gb-ssd-2-5-ghz-i5-3210m/1188688707
"Pour tous les MacBook pro et air, Chargeurs commençant de $35",35.00,Il y a moins de 5 heures,/v-portables/ville-de-montreal/pour-tous-les-macbook-pro-et-air-chargeurs-commencant-de-35/1188688687
"Pour tous les laptops, Chargeurs commençant de $17",17.00,Il y a moins de 5 heures,/v-portables/ville-de-montreal/pour-tous-les-laptops-chargeurs-commencant-de-17/1188688666
"MagSafe (1 et 2) (45,60,85w) charger  metro: cote ste Catherine",38.00,Il y a moins de 5 heures,/v-portables/ville-de-montreal/magsafe-1-et-2-45-60-85w-charger-metro:-cote-ste-catherine/1188684318
"MagSafe (1 et 2) (45,60,85w) charger  metro: cote ste Catherine",38.00,Il y a moins de 5 heures,/v-portables/ville-de-montreal/magsafe-1-et-2-45-60-85w-charger-metro:-cote-ste-catherine/1188684077
Macbook pro 15-inch,2000.00,Il y a moins de 5 heures,/v-portables/ville-de-montreal/macbook-pro-15-inch/1188683256
"MagSafe (1 et 2) (45,60,85w) charger  metro: cote ste Catherine",38.00,Il y a moins de 5 heures,/v-portables/ville-de-montreal/magsafe-1-et-2-45-60-85w-charger-metro:-cote-ste-catherine/1188681895
Unlock Phone & Repair metro: cote ste-catherine,38.00,Il y a moins de 5 heures,/v-accessoires-pour-portables/ville-de-montreal/unlock-phone-repair-metro:-cote-ste-catherine/1188681443
MACBOOK PRO CD 2.00GHZ 2G 100G WEBCAM DVDRW MAC OS MAC OFFICE,189.00,Il y a moins de 5 heures,/v-portables/ville-de-montreal/macbook-pro-cd-2-00ghz-2g-100g-webcam-dvdrw-mac-os-mac-office/1188681279
"MagSafe (1 et 2) (45,60,85w) charger  metro: cote ste Catherine",38.00,Il y a moins de 5 heures,/v-accessoires-pour-portables/ville-de-montreal/magsafe-1-et-2-45-60-85w-charger-metro:-cote-ste-catherine/1188681014
"MagSafe (1 et 2) (45,60,85w) charger  metro: cote ste Catherine",38.00,Il y a moins de 5 heures,/v-accessoires-pour-portables/ville-de-montreal/magsafe-1-et-2-45-60-85w-charger-metro:-cote-ste-catherine/1188680029
Macbook pro 2012,650.00,Il y a moins de 5 heures,/v-portables/ville-de-montreal/macbook-pro-2012/1188670936
MacBook Pro 13 po 2008,500.00,Il y a moins de 5 heures,/v-portables/ville-de-montreal/macbook-pro-13-po-2008/1188670297
4GB DDR3L 1600MHZ 12800 Crucial,25.00,Il y a moins de 6 heures,/v-cartes-memoires-cles-usb/ville-de-montreal/4gb-ddr3l-1600mhz-12800-crucial/1188666802
"MacBook Pro 15"" - 2.8GHz - 4GB RAM - 500GB HD",500.00,Il y a moins de 6 heures,/v-portables/ville-de-montreal/macbook-pro-15-2-8ghz-4gb-ram-500gb-hd/1188663921
MACBOOK PRO CD 2.00GHZ 2G 100G WEBCAM DVDRW MAC OS MAC OFFICE,189.00,Il y a moins de 6 heures,/v-portables/ville-de-montreal/macbook-pro-cd-2-00ghz-2g-100g-webcam-dvdrw-mac-os-mac-office/1188655151
"Chargeurs Pour tous les Laptops (MacBook pro,MacBook air, ...)..",32.50,Il y a moins de 6 heures,/v-portables/ville-de-montreal/chargeurs-pour-tous-les-laptops-macbook-pro-macbook-air/1188653669
MacBook pro late 2011 - 2.8 core i7 / 4GB RAM / 256 SSD - MINT,850.00,Il y a moins de 6 heures,/v-portables/ville-de-montreal/macbook-pro-late-2011-2-8-core-i7-4gb-ram-256-ssd-mint/1188653618
MACBOOK PRO CD 2.00GHZ 2G 100G WEBCAM MAC OS MAC OFFICE 189$,189.00,Il y a moins de 6 heures,/v-portables/ville-de-montreal/macbook-pro-cd-2-00ghz-2g-100g-webcam-mac-os-mac-office-189/1188652554
New - Incipio IM275 Feather MacBook Pro 15 Pink,25.00,Il y a moins de 6 heures,/v-accessoires-pour-portables/ouest-de-lile-qc/new-incipio-im275-feather-macbook-pro-15-pink/1046997242
REPARATIONS POUR iMAC/ MAC / MACBOOK (PRO / AIR) TOUTE MACHINE,30.00,Il y a moins de 6 heures,/v-portables/ville-de-montreal/reparations-pour-imac-mac-macbook-pro-air-toute-machine/1188649945
Apple MacBook EFI 4or 6-digit PIN Passcode iCloud Unlock Remova,,Il y a moins de 7 heures,/v-services-formation-reparation/ville-de-montreal/apple-macbook-efi-4or-6-digit-pin-passcode-icloud-unlock-remova/1188646873
"Mac Apple , Service repair,buy and sell 514-295-7393 @ DuCollege",,Il y a moins de 7 heures,/v-services-formation-reparation/ville-de-montreal/mac-apple-service-repair-buy-and-sell-514-295-7393-ducollege/1188646093
Macbook Pro Unibody 17” 899$,899.00,Il y a moins de 7 heures,/v-portables/ville-de-montreal/macbook-pro-unibody-17-899/1188638284
"Laptop sleeve Thule pour MacBook Pro 13""",25.00,Il y a moins de 8 heures,/v-accessoires-pour-portables/ville-de-montreal/laptop-sleeve-thule-pour-macbook-pro-13/1153622185
MACBOOK PRO CD 2.00GHZ 2G 100G WEBCAM DVDRW MAC OS MAC OFFICE,189.00,Il y a moins de 8 heures,/v-portables/ville-de-montreal/macbook-pro-cd-2-00ghz-2g-100g-webcam-dvdrw-mac-os-mac-office/1188620799
"Pour tous les MacBook pro et air, Chargeurs commençant de $35",35.00,Il y a moins de 8 heures,/v-portables/ville-de-montreal/pour-tous-les-macbook-pro-et-air-chargeurs-commencant-de-35/1188620109
"Pour tous les laptops, Chargeurs commençant de $17",17.00,Il y a moins de 8 heures,/v-portables/ville-de-montreal/pour-tous-les-laptops-chargeurs-commencant-de-17/1188620087
"Macbook pro retina 13""",800.00,Il y a moins de 8 heures,/v-ordinateurs-de-bureau/ville-de-montreal/macbook-pro-retina-13/1188618718
Laptop macbook pro 2007 190$ clavier remis a neuf par apple,190.00,Il y a moins de 8 heures,/v-portables/ville-de-montreal/laptop-macbook-pro-2007-190-clavier-remis-a-neuf-par-apple/1188616110
Chargeur pour **Macbook pro** & **Macbook Air** Adapter Charger,35.00,Il y a moins de 8 heures,/v-accessoires-pour-portables/ville-de-montreal/chargeur-pour-macbook-pro-macbook-air-adapter-charger/1188616021
"MACBOOK PRO 13""",800.00,Il y a moins de 8 heures,/v-electronique/laval-rive-nord/macbook-pro-13/1188615019
MACBOOK PRO CD 2.00GHZ 2G 100G WEBCAM DVDRW MAC OS MAC OFFICE 18,189.00,Il y a moins de 9 heures,/v-portables/ville-de-montreal/macbook-pro-cd-2-00ghz-2g-100g-webcam-dvdrw-mac-os-mac-office-18/1188602289
