15-inch MacBook Pro with Retina display 2.2GHZ 256ssd,1999.00,Il y a moins de 17 minutes,/v-portables/ville-de-montreal/15-inch-macbook-pro-with-retina-display-2-2ghz-256ssd/1186690229
"Insignia™ - Hard Shell Case for 13"" Apple® MacBook® Pro with Re",10.00,Il y a moins de 2 heures,/v-accessoires-pour-ipads-tablettes/ville-de-montreal/insignia-hard-shell-case-for-13-apple-macbook-pro-with-re/1186661218
Apple MacBook EFI 4or 6-digit PIN Passcode iCloud Unlock Remova,,Il y a moins de 2 heures,/v-services-formation-reparation/ville-de-montreal/apple-macbook-efi-4or-6-digit-pin-passcode-icloud-unlock-remova/1186659859
"Macbook Pro Retina 13inch 2.9Ghz i5 8GBRAM ,500SSD 1y applecare",1850.00,Il y a moins de 2 heures,/v-portables/ville-de-montreal/macbook-pro-retina-13inch-2-9ghz-i5-8gbram-500ssd-1y-applecare/1186659486
Macbook Pro 15-inch incl: mouse & cover / souris & étui,2080.00,Il y a moins de 4 heures,/v-portables/ville-de-montreal/macbook-pro-15-inch-incl:-mouse-cover-souris-etui/1186631183
macbook pro retina 15 pouces 256 ssd late 2013,1300.00,Il y a moins de 4 heures,/v-portables/ville-de-montreal/macbook-pro-retina-15-pouces-256-ssd-late-2013/1186628906
"Macbook Pro 15'' Retina (COMME NEUF, AVEC GARANTIE)",2100.00,Il y a moins de 4 heures,/v-portables/ville-de-montreal/macbook-pro-15-retina-comme-neuf-avec-garantie/1186625609
PRIX POUR VENTE RAPIDE => STATION HI-FI BOSE PORTATIVE POUR IPOD,150.00,Il y a moins de 11 heures,/v-ipod-lecteur-mp3/ville-de-montreal/prix-pour-vente-rapide-station-hi-fi-bose-portative-pour-ipod/1186599434
"Apple MacBook Pro Retina / Core i5 / 13"" / Late 2013/ 4 GB RAM",950.00,Il y a moins de 17 heures,/v-portables/ville-de-montreal/apple-macbook-pro-retina-core-i5-13-late-2013-4-gb-ram/1186564899
MacBook pro Retina/ 2.5 GHZ core i5/8 GB RAM/128 GB SSD,950.00,Il y a moins de 19 heures,/v-portables/ville-de-montreal/macbook-pro-retina-2-5-ghz-core-i5-8-gb-ram-128-gb-ssd/1186540129
"Apple MacBook Pro Retina / Core i5 / 13"" / Late 2013/ 4 GB RAM",1000.00,Il y a moins de 19 heures,/v-portables/ville-de-montreal/apple-macbook-pro-retina-core-i5-13-late-2013-4-gb-ram/1186540099
"Macbook Pro 15'' Retina (COMME NEUF, AVEC GARANTIE)",2100.00,Il y a moins de 19 heures,/v-portables/ville-de-montreal/macbook-pro-15-retina-comme-neuf-avec-garantie/1186535462
Apple MacBook EFI 4or 6-digit PIN Passcode iCloud Unlock Remova,,Il y a moins de 21 heures,/v-services-formation-reparation/ville-de-montreal/apple-macbook-efi-4or-6-digit-pin-passcode-icloud-unlock-remova/1186512527
"Macbook Pro Retina 13inch 2.9Ghz i5 8GBRAM ,500SSD 1y applecare",1850.00,Il y a moins de 21 heures,/v-portables/ville-de-montreal/macbook-pro-retina-13inch-2-9ghz-i5-8gbram-500ssd-1y-applecare/1186511982
"2015 MacBook Pro i7 2.2ghz 15.4"" with Retina Display (AppleCare",2450.00,Il y a moins de 22 heures,/v-portables/ville-de-montreal/2015-macbook-pro-i7-2-2ghz-15-4-with-retina-display-applecare/1186503855
"15"" Macbook Retina ( 2.8Ghz / Intel i7 / 16GB / 512GB SSD ) 2013",1650.00,Il y a moins de 24 heures,/v-portables/ville-de-montreal/15-macbook-retina-2-8ghz-intel-i7-16gb-512gb-ssd-2013/1186463705
MacBook Pro Retina 15 i7 8 go 256 ssd,1700.00,hier,/v-portables/longueuil-rive-sud/macbook-pro-retina-15-i7-8-go-256-ssd/1186459521
Macbook Pro 15-inch incl: mouse & cover / souris & étui,2080.00,hier,/v-portables/ville-de-montreal/macbook-pro-15-inch-incl:-mouse-cover-souris-etui/1186454201
"MacBook pro Retina 13""",950.00,hier,/v-portables/laval-rive-nord/macbook-pro-retina-13/1186444915
Apple MacBook EFI 4or 6-digit PIN Passcode iCloud Unlock Remova,,hier,/v-services-formation-reparation/ville-de-montreal/apple-macbook-efi-4or-6-digit-pin-passcode-icloud-unlock-remova/1186435873
"Macbook Pro Retina 13inch 2.9Ghz i5 8GBRAM ,500SSD 1y applecare",1850.00,hier,/v-portables/ville-de-montreal/macbook-pro-retina-13inch-2-9ghz-i5-8gbram-500ssd-1y-applecare/1186435548
"2015 MacBook Pro i7 2.2ghz 15.4"" with Retina Display (AppleCare",2450.00,hier,/v-portables/ville-de-montreal/2015-macbook-pro-i7-2-2ghz-15-4-with-retina-display-applecare/1186432303
"Apple MacBook Pro Retina / Core i5 / 13"" / Late 2013/ 4 GB RAM",1000.00,30-juillet-16,/v-portables/ville-de-montreal/apple-macbook-pro-retina-core-i5-13-late-2013-4-gb-ram/1186372203
"Apple MacBook Pro Retina / Core i5 / 13"" / Late 2013/ 4 GB RAM",1000.00,30-juillet-16,/v-portables/ville-de-montreal/apple-macbook-pro-retina-core-i5-13-late-2013-4-gb-ram/1186369512
"015 MacBook Pro i7 2.2ghz 15.4"" with Retina Display (AppleCare T",2450.00,30-juillet-16,/v-portables/ville-de-montreal/015-macbook-pro-i7-2-2ghz-15-4-with-retina-display-applecare-t/1186367033
Macbook pro 2015 retina 512g,1900.00,30-juillet-16,/v-portables/ouest-de-lile-qc/macbook-pro-2015-retina-512g/1186339552
"015 MacBook Pro i7 2.2ghz 15.4"" with Retina Display (AppleCare T",2450.00,30-juillet-16,/v-portables/ville-de-montreal/015-macbook-pro-i7-2-2ghz-15-4-with-retina-display-applecare-t/1186315745
"2015 MacBook Pro i7 2.2ghz 15.4"" with Retina Display (AppleCare",2450.00,30-juillet-16,/v-portables/ville-de-montreal/2015-macbook-pro-i7-2-2ghz-15-4-with-retina-display-applecare/1186298018
"2015 MacBook Pro i7 2.2ghz 15.4"" with Retina Display (AppleCare",2450.00,30-juillet-16,/v-portables/ville-de-montreal/2015-macbook-pro-i7-2-2ghz-15-4-with-retina-display-applecare/1186292771
"2015 MacBook Pro i7 2.2ghz 15.4"" with Retina Display (AppleCare",2450.00,30-juillet-16,/v-portables/ville-de-montreal/2015-macbook-pro-i7-2-2ghz-15-4-with-retina-display-applecare/1186262462
"2015 MacBook Pro i7 2.2ghz 15.4"" with Retina Display (AppleCare",2450.00,30-juillet-16,/v-portables/ville-de-montreal/2015-macbook-pro-i7-2-2ghz-15-4-with-retina-display-applecare/1186261503
"Macbook Pro Retina 13inch 2.9Ghz i5 8GBRAM ,500SSD 1y applecare",1850.00,30-juillet-16,/v-portables/ville-de-montreal/macbook-pro-retina-13inch-2-9ghz-i5-8gbram-500ssd-1y-applecare/1186227112
Apple MacBook EFI 4or 6-digit PIN Passcode iCloud Unlock Remova,,30-juillet-16,/v-services-formation-reparation/ville-de-montreal/apple-macbook-efi-4or-6-digit-pin-passcode-icloud-unlock-remova/1186224777
Macbook Pro 15-inch incl: mouse & cover / souris & étui,2080.00,30-juillet-16,/v-portables/ville-de-montreal/macbook-pro-15-inch-incl:-mouse-cover-souris-etui/1186189601
"BRAND NEW MacBook Pro 13.3""/2.9GHZ/8GB/512GB",2330.00,30-juillet-16,/v-portables/ville-de-montreal/brand-new-macbook-pro-13-3-2-9ghz-8gb-512gb/1186059794
"Macbook retina 128 SSD 13"" 8Gb RAM",1000.00,30-juillet-16,/v-portables/ville-de-montreal/macbook-retina-128-ssd-13-8gb-ram/1186152923
"Macbook Pro Retina 13inch 2.9Ghz i5 8GBRAM ,500SSD 1y applecare",1850.00,29-juillet-16,/v-portables/ville-de-montreal/macbook-pro-retina-13inch-2-9ghz-i5-8gbram-500ssd-1y-applecare/1186143892
"MACBOOK PRO 15,4"" RETINA *2300$*",2300.00,29-juillet-16,/v-portables/ville-de-montreal/macbook-pro-15-4-retina-2300/1186135956
Apple MacBook EFI 4or 6-digit PIN Passcode iCloud Unlock Remova,,29-juillet-16,/v-services-formation-reparation/ville-de-montreal/apple-macbook-efi-4or-6-digit-pin-passcode-icloud-unlock-remova/1186135598
"APPLE MACBOOK PRO RETINA 15"" i7 2.2ghz 16gb 512gb WAR.8.26.2016",2099.00,29-juillet-16,/v-portables/longueuil-rive-sud/apple-macbook-pro-retina-15-i7-2-2ghz-16gb-512gb-war-8-26-2016/1186080570
APPLE MACBOOK PRO RETINA 13 2015 i5 2.7 GHZ 8GB 128GB +PROGRAMS,1199.00,29-juillet-16,/v-portables/longueuil-rive-sud/apple-macbook-pro-retina-13-2015-i5-2-7-ghz-8gb-128gb-programs/1186068835
APPLE MACBOOK PRO RETINA 15 i7 2.3GHZ 8GB 256GB 2VIDEO CARDS,1399.00,29-juillet-16,/v-portables/longueuil-rive-sud/apple-macbook-pro-retina-15-i7-2-3ghz-8gb-256gb-2video-cards/1186062375
"APPLE MACBOOK PRO 2015 RETINA 15"" i7 2.2 GHZ 16GB 256GB SSD",1899.00,29-juillet-16,/v-portables/longueuil-rive-sud/apple-macbook-pro-2015-retina-15-i7-2-2-ghz-16gb-256gb-ssd/1186061196
APPLE MACBOOK PRO RETINA 15'' i7 2.2 GHZ 8GB 256GB 2 CYCLES BATT,1549.00,29-juillet-16,/v-portables/longueuil-rive-sud/apple-macbook-pro-retina-15-i7-2-2-ghz-8gb-256gb-2-cycles-batt/1186057101
Apple MacBook EFI 4or 6-digit PIN Passcode iCloud Unlock Remova,,29-juillet-16,/v-services-formation-reparation/ville-de-montreal/apple-macbook-efi-4or-6-digit-pin-passcode-icloud-unlock-remova/1186056160
"Macbook Pro 13inch Retina 2.7 Ghz i5 8GBRAM ,256SSD CC2015 colle",1500.00,29-juillet-16,/v-portables/ville-de-montreal/macbook-pro-13inch-retina-2-7-ghz-i5-8gbram-256ssd-cc2015-colle/1186054326
APPLE MACBOOK PRO RETINA 15'' i7 2.4 GHZ 8GB 256GB 2 video cards,1499.00,29-juillet-16,/v-portables/longueuil-rive-sud/apple-macbook-pro-retina-15-i7-2-4-ghz-8gb-256gb-2-video-cards/1186045858
"Macbook pro 13""",1300.00,29-juillet-16,/v-portables/ville-de-montreal/macbook-pro-13/1185972854
MacBook Pro 13.3 retina early 2015 128 gb,1370.00,28-juillet-16,/v-portables/laval-rive-nord/macbook-pro-13-3-retina-early-2015-128-gb/1185876375
"Brand new macbook pro 15"" retina display -  neuf 15 inch",Sur demande,28-juillet-16,/v-portables/ville-de-montreal/brand-new-macbook-pro-15-retina-display-neuf-15-inch/1185839654
MACBOOK PRO RÉTINA 13 PO ENCORE SOUS GARANTIE,1250.00,28-juillet-16,/v-portables/laval-rive-nord/macbook-pro-retina-13-po-encore-sous-garantie/1185833749
Macbook Pro 15-inch incl: mouse & cover / souris & étui,2240.00,28-juillet-16,/v-portables/ville-de-montreal/macbook-pro-15-inch-incl:-mouse-cover-souris-etui/1185826069
Apple MacBook EFI 4or 6-digit PIN Passcode iCloud Unlock Remova,,28-juillet-16,/v-services-formation-reparation/ville-de-montreal/apple-macbook-efi-4or-6-digit-pin-passcode-icloud-unlock-remova/1185796213
"Macbook Pro 13inch Retina 2.7 Ghz i5 8GBRAM ,256SSD CC2015 colle",1500.00,28-juillet-16,/v-portables/ville-de-montreal/macbook-pro-13inch-retina-2-7-ghz-i5-8gbram-256ssd-cc2015-colle/1185795735
"MACBOOK PRO RETINA 2015 13"" i5 2.7 ghz 8GB 256GB WARR 4.01.2017",1349.00,28-juillet-16,/v-portables/longueuil-rive-sud/macbook-pro-retina-2015-13-i5-2-7-ghz-8gb-256gb-warr-4-01-2017/1185760287
"\!/ Chargeurs pour MacBook Pro, Air & Retina a partir de \!/",35.00,28-juillet-16,/v-accessoires-pour-portables/laval-rive-nord/chargeurs-pour-macbook-pro-air-retina-a-partir-de/1185760165
APPLE MACBOOK PRO RETINA 13 i5 2.6 GHZ 8GB 128GB +PROGRAMS,1099.00,28-juillet-16,/v-portables/longueuil-rive-sud/apple-macbook-pro-retina-13-i5-2-6-ghz-8gb-128gb-programs/1185759460
15-inch MacBook Pro with Retina display 2.2GHZ 256ssd,1999.00,Il y a moins de 17 minutes,/v-portables/ville-de-montreal/15-inch-macbook-pro-with-retina-display-2-2ghz-256ssd/1186690229
"Insignia™ - Hard Shell Case for 13"" Apple® MacBook® Pro with Re",10.00,Il y a moins de 2 heures,/v-accessoires-pour-ipads-tablettes/ville-de-montreal/insignia-hard-shell-case-for-13-apple-macbook-pro-with-re/1186661218
Apple MacBook EFI 4or 6-digit PIN Passcode iCloud Unlock Remova,,Il y a moins de 2 heures,/v-services-formation-reparation/ville-de-montreal/apple-macbook-efi-4or-6-digit-pin-passcode-icloud-unlock-remova/1186659859
"Macbook Pro Retina 13inch 2.9Ghz i5 8GBRAM ,500SSD 1y applecare",1850.00,Il y a moins de 2 heures,/v-portables/ville-de-montreal/macbook-pro-retina-13inch-2-9ghz-i5-8gbram-500ssd-1y-applecare/1186659486
Macbook Pro 15-inch incl: mouse & cover / souris & étui,2080.00,Il y a moins de 4 heures,/v-portables/ville-de-montreal/macbook-pro-15-inch-incl:-mouse-cover-souris-etui/1186631183
macbook pro retina 15 pouces 256 ssd late 2013,1300.00,Il y a moins de 4 heures,/v-portables/ville-de-montreal/macbook-pro-retina-15-pouces-256-ssd-late-2013/1186628906
"Macbook Pro 15'' Retina (COMME NEUF, AVEC GARANTIE)",2100.00,Il y a moins de 4 heures,/v-portables/ville-de-montreal/macbook-pro-15-retina-comme-neuf-avec-garantie/1186625609
PRIX POUR VENTE RAPIDE => STATION HI-FI BOSE PORTATIVE POUR IPOD,150.00,Il y a moins de 11 heures,/v-ipod-lecteur-mp3/ville-de-montreal/prix-pour-vente-rapide-station-hi-fi-bose-portative-pour-ipod/1186599434
"Apple MacBook Pro Retina / Core i5 / 13"" / Late 2013/ 4 GB RAM",950.00,Il y a moins de 17 heures,/v-portables/ville-de-montreal/apple-macbook-pro-retina-core-i5-13-late-2013-4-gb-ram/1186564899
MacBook pro Retina/ 2.5 GHZ core i5/8 GB RAM/128 GB SSD,950.00,Il y a moins de 19 heures,/v-portables/ville-de-montreal/macbook-pro-retina-2-5-ghz-core-i5-8-gb-ram-128-gb-ssd/1186540129
"Apple MacBook Pro Retina / Core i5 / 13"" / Late 2013/ 4 GB RAM",1000.00,Il y a moins de 19 heures,/v-portables/ville-de-montreal/apple-macbook-pro-retina-core-i5-13-late-2013-4-gb-ram/1186540099
"Macbook Pro 15'' Retina (COMME NEUF, AVEC GARANTIE)",2100.00,Il y a moins de 19 heures,/v-portables/ville-de-montreal/macbook-pro-15-retina-comme-neuf-avec-garantie/1186535462
Apple MacBook EFI 4or 6-digit PIN Passcode iCloud Unlock Remova,,Il y a moins de 21 heures,/v-services-formation-reparation/ville-de-montreal/apple-macbook-efi-4or-6-digit-pin-passcode-icloud-unlock-remova/1186512527
"Macbook Pro Retina 13inch 2.9Ghz i5 8GBRAM ,500SSD 1y applecare",1850.00,Il y a moins de 21 heures,/v-portables/ville-de-montreal/macbook-pro-retina-13inch-2-9ghz-i5-8gbram-500ssd-1y-applecare/1186511982
"2015 MacBook Pro i7 2.2ghz 15.4"" with Retina Display (AppleCare",2450.00,Il y a moins de 22 heures,/v-portables/ville-de-montreal/2015-macbook-pro-i7-2-2ghz-15-4-with-retina-display-applecare/1186503855
"15"" Macbook Retina ( 2.8Ghz / Intel i7 / 16GB / 512GB SSD ) 2013",1650.00,Il y a moins de 24 heures,/v-portables/ville-de-montreal/15-macbook-retina-2-8ghz-intel-i7-16gb-512gb-ssd-2013/1186463705
MacBook Pro Retina 15 i7 8 go 256 ssd,1700.00,hier,/v-portables/longueuil-rive-sud/macbook-pro-retina-15-i7-8-go-256-ssd/1186459521
Macbook Pro 15-inch incl: mouse & cover / souris & étui,2080.00,hier,/v-portables/ville-de-montreal/macbook-pro-15-inch-incl:-mouse-cover-souris-etui/1186454201
"MacBook pro Retina 13""",950.00,hier,/v-portables/laval-rive-nord/macbook-pro-retina-13/1186444915
Apple MacBook EFI 4or 6-digit PIN Passcode iCloud Unlock Remova,,hier,/v-services-formation-reparation/ville-de-montreal/apple-macbook-efi-4or-6-digit-pin-passcode-icloud-unlock-remova/1186435873
"Macbook Pro Retina 13inch 2.9Ghz i5 8GBRAM ,500SSD 1y applecare",1850.00,hier,/v-portables/ville-de-montreal/macbook-pro-retina-13inch-2-9ghz-i5-8gbram-500ssd-1y-applecare/1186435548
"2015 MacBook Pro i7 2.2ghz 15.4"" with Retina Display (AppleCare",2450.00,hier,/v-portables/ville-de-montreal/2015-macbook-pro-i7-2-2ghz-15-4-with-retina-display-applecare/1186432303
"Apple MacBook Pro Retina / Core i5 / 13"" / Late 2013/ 4 GB RAM",1000.00,30-juillet-16,/v-portables/ville-de-montreal/apple-macbook-pro-retina-core-i5-13-late-2013-4-gb-ram/1186372203
"Apple MacBook Pro Retina / Core i5 / 13"" / Late 2013/ 4 GB RAM",1000.00,30-juillet-16,/v-portables/ville-de-montreal/apple-macbook-pro-retina-core-i5-13-late-2013-4-gb-ram/1186369512
"015 MacBook Pro i7 2.2ghz 15.4"" with Retina Display (AppleCare T",2450.00,30-juillet-16,/v-portables/ville-de-montreal/015-macbook-pro-i7-2-2ghz-15-4-with-retina-display-applecare-t/1186367033
Macbook pro 2015 retina 512g,1900.00,30-juillet-16,/v-portables/ouest-de-lile-qc/macbook-pro-2015-retina-512g/1186339552
"015 MacBook Pro i7 2.2ghz 15.4"" with Retina Display (AppleCare T",2450.00,30-juillet-16,/v-portables/ville-de-montreal/015-macbook-pro-i7-2-2ghz-15-4-with-retina-display-applecare-t/1186315745
"2015 MacBook Pro i7 2.2ghz 15.4"" with Retina Display (AppleCare",2450.00,30-juillet-16,/v-portables/ville-de-montreal/2015-macbook-pro-i7-2-2ghz-15-4-with-retina-display-applecare/1186298018
"2015 MacBook Pro i7 2.2ghz 15.4"" with Retina Display (AppleCare",2450.00,30-juillet-16,/v-portables/ville-de-montreal/2015-macbook-pro-i7-2-2ghz-15-4-with-retina-display-applecare/1186292771
"2015 MacBook Pro i7 2.2ghz 15.4"" with Retina Display (AppleCare",2450.00,30-juillet-16,/v-portables/ville-de-montreal/2015-macbook-pro-i7-2-2ghz-15-4-with-retina-display-applecare/1186262462
"2015 MacBook Pro i7 2.2ghz 15.4"" with Retina Display (AppleCare",2450.00,30-juillet-16,/v-portables/ville-de-montreal/2015-macbook-pro-i7-2-2ghz-15-4-with-retina-display-applecare/1186261503
"Macbook Pro Retina 13inch 2.9Ghz i5 8GBRAM ,500SSD 1y applecare",1850.00,30-juillet-16,/v-portables/ville-de-montreal/macbook-pro-retina-13inch-2-9ghz-i5-8gbram-500ssd-1y-applecare/1186227112
Apple MacBook EFI 4or 6-digit PIN Passcode iCloud Unlock Remova,,30-juillet-16,/v-services-formation-reparation/ville-de-montreal/apple-macbook-efi-4or-6-digit-pin-passcode-icloud-unlock-remova/1186224777
Macbook Pro 15-inch incl: mouse & cover / souris & étui,2080.00,30-juillet-16,/v-portables/ville-de-montreal/macbook-pro-15-inch-incl:-mouse-cover-souris-etui/1186189601
"BRAND NEW MacBook Pro 13.3""/2.9GHZ/8GB/512GB",2330.00,30-juillet-16,/v-portables/ville-de-montreal/brand-new-macbook-pro-13-3-2-9ghz-8gb-512gb/1186059794
"Macbook retina 128 SSD 13"" 8Gb RAM",1000.00,30-juillet-16,/v-portables/ville-de-montreal/macbook-retina-128-ssd-13-8gb-ram/1186152923
"Macbook Pro Retina 13inch 2.9Ghz i5 8GBRAM ,500SSD 1y applecare",1850.00,29-juillet-16,/v-portables/ville-de-montreal/macbook-pro-retina-13inch-2-9ghz-i5-8gbram-500ssd-1y-applecare/1186143892
"MACBOOK PRO 15,4"" RETINA *2300$*",2300.00,29-juillet-16,/v-portables/ville-de-montreal/macbook-pro-15-4-retina-2300/1186135956
Apple MacBook EFI 4or 6-digit PIN Passcode iCloud Unlock Remova,,29-juillet-16,/v-services-formation-reparation/ville-de-montreal/apple-macbook-efi-4or-6-digit-pin-passcode-icloud-unlock-remova/1186135598
"APPLE MACBOOK PRO RETINA 15"" i7 2.2ghz 16gb 512gb WAR.8.26.2016",2099.00,29-juillet-16,/v-portables/longueuil-rive-sud/apple-macbook-pro-retina-15-i7-2-2ghz-16gb-512gb-war-8-26-2016/1186080570
APPLE MACBOOK PRO RETINA 13 2015 i5 2.7 GHZ 8GB 128GB +PROGRAMS,1199.00,29-juillet-16,/v-portables/longueuil-rive-sud/apple-macbook-pro-retina-13-2015-i5-2-7-ghz-8gb-128gb-programs/1186068835
APPLE MACBOOK PRO RETINA 15 i7 2.3GHZ 8GB 256GB 2VIDEO CARDS,1399.00,29-juillet-16,/v-portables/longueuil-rive-sud/apple-macbook-pro-retina-15-i7-2-3ghz-8gb-256gb-2video-cards/1186062375
"APPLE MACBOOK PRO 2015 RETINA 15"" i7 2.2 GHZ 16GB 256GB SSD",1899.00,29-juillet-16,/v-portables/longueuil-rive-sud/apple-macbook-pro-2015-retina-15-i7-2-2-ghz-16gb-256gb-ssd/1186061196
APPLE MACBOOK PRO RETINA 15'' i7 2.2 GHZ 8GB 256GB 2 CYCLES BATT,1549.00,29-juillet-16,/v-portables/longueuil-rive-sud/apple-macbook-pro-retina-15-i7-2-2-ghz-8gb-256gb-2-cycles-batt/1186057101
Apple MacBook EFI 4or 6-digit PIN Passcode iCloud Unlock Remova,,29-juillet-16,/v-services-formation-reparation/ville-de-montreal/apple-macbook-efi-4or-6-digit-pin-passcode-icloud-unlock-remova/1186056160
"Macbook Pro 13inch Retina 2.7 Ghz i5 8GBRAM ,256SSD CC2015 colle",1500.00,29-juillet-16,/v-portables/ville-de-montreal/macbook-pro-13inch-retina-2-7-ghz-i5-8gbram-256ssd-cc2015-colle/1186054326
APPLE MACBOOK PRO RETINA 15'' i7 2.4 GHZ 8GB 256GB 2 video cards,1499.00,29-juillet-16,/v-portables/longueuil-rive-sud/apple-macbook-pro-retina-15-i7-2-4-ghz-8gb-256gb-2-video-cards/1186045858
"Macbook pro 13""",1300.00,29-juillet-16,/v-portables/ville-de-montreal/macbook-pro-13/1185972854
MacBook Pro 13.3 retina early 2015 128 gb,1370.00,28-juillet-16,/v-portables/laval-rive-nord/macbook-pro-13-3-retina-early-2015-128-gb/1185876375
"Brand new macbook pro 15"" retina display -  neuf 15 inch",Sur demande,28-juillet-16,/v-portables/ville-de-montreal/brand-new-macbook-pro-15-retina-display-neuf-15-inch/1185839654
MACBOOK PRO RÉTINA 13 PO ENCORE SOUS GARANTIE,1250.00,28-juillet-16,/v-portables/laval-rive-nord/macbook-pro-retina-13-po-encore-sous-garantie/1185833749
Macbook Pro 15-inch incl: mouse & cover / souris & étui,2240.00,28-juillet-16,/v-portables/ville-de-montreal/macbook-pro-15-inch-incl:-mouse-cover-souris-etui/1185826069
Apple MacBook EFI 4or 6-digit PIN Passcode iCloud Unlock Remova,,28-juillet-16,/v-services-formation-reparation/ville-de-montreal/apple-macbook-efi-4or-6-digit-pin-passcode-icloud-unlock-remova/1185796213
"Macbook Pro 13inch Retina 2.7 Ghz i5 8GBRAM ,256SSD CC2015 colle",1500.00,28-juillet-16,/v-portables/ville-de-montreal/macbook-pro-13inch-retina-2-7-ghz-i5-8gbram-256ssd-cc2015-colle/1185795735
"MACBOOK PRO RETINA 2015 13"" i5 2.7 ghz 8GB 256GB WARR 4.01.2017",1349.00,28-juillet-16,/v-portables/longueuil-rive-sud/macbook-pro-retina-2015-13-i5-2-7-ghz-8gb-256gb-warr-4-01-2017/1185760287
"\!/ Chargeurs pour MacBook Pro, Air & Retina a partir de \!/",35.00,28-juillet-16,/v-accessoires-pour-portables/laval-rive-nord/chargeurs-pour-macbook-pro-air-retina-a-partir-de/1185760165
APPLE MACBOOK PRO RETINA 13 i5 2.6 GHZ 8GB 128GB +PROGRAMS,1099.00,28-juillet-16,/v-portables/longueuil-rive-sud/apple-macbook-pro-retina-13-i5-2-6-ghz-8gb-128gb-programs/1185759460
